"id","first_name","last_name","email","birthdate","added",
"1","Marley","Bosco","garett.lebsack@example.net","1991-02-06","2009-04-12 17:42:00",
"2","Carmelo","Deckow","germaine68@example.com","1984-05-23","2005-11-22 19:16:13",
"3","Russell","Swaniawski","fkonopelski@example.com","1994-03-01","1996-08-18 06:13:41",
"4","Cary","Bechtelar","littel.aubrey@example.org","2016-05-18","2021-08-17 13:03:23",
"5","Tito","Abbott","bins.darron@example.net","2003-08-23","1972-02-04 13:09:01",
"6","Leta","Mann","williamson.kane@example.net","2003-07-16","2023-01-03 08:58:32",
"7","Ike","Champlin","ireilly@example.net","1993-11-17","2002-01-21 10:03:36",
"8","Ellis","Daugherty","janet.schroeder@example.net","2001-10-27","2004-05-16 17:16:35",
"9","Kristoffer","Kozey","rigoberto60@example.com","1993-03-25","1990-04-28 10:48:40",
"10","Jordan","Huels","dock07@example.net","2008-07-09","1986-07-03 01:26:58",
"11","Imani","Greenfelder","omonahan@example.org","1995-11-12","1984-01-24 04:23:42",
"12","Cordia","Reichert","alexandre.gutmann@example.net","1980-07-04","2012-08-05 22:01:34",
"13","Carlee","Kshlerin","antoinette.watsica@example.com","2008-01-14","2004-11-12 21:32:10",
"14","Connie","Grimes","graham.ottilie@example.net","1985-03-25","2021-09-01 19:50:42",
"15","Annamarie","Hilpert","wrohan@example.com","1984-05-16","2008-10-17 23:56:09",
"16","Percival","Hermiston","sanford.hintz@example.com","2017-02-24","2000-11-02 15:51:36",
"17","Kamryn","Grant","deangelo45@example.org","1993-08-14","1982-10-30 12:41:47",
"18","Armando","Howe","fzemlak@example.org","1977-07-02","2003-04-29 01:53:14",
"19","Jamarcus","Jakubowski","rusty.nikolaus@example.net","2001-09-04","1986-10-24 07:33:53",
"20","Steve","Rolfson","rubie58@example.org","2016-06-07","2022-10-18 09:14:04",
"21","Shanie","Gislason","ibartoletti@example.net","1984-10-05","1991-03-04 07:27:08",
"22","Kelly","Senger","tromp.layne@example.com","2016-04-11","1979-05-12 11:59:36",
"23","Orin","Howell","dubuque.orpha@example.net","1991-10-08","1977-10-05 17:57:23",
"24","Estel","Kessler","hunter66@example.org","2007-02-20","1988-08-05 15:16:10",
"25","Muhammad","Senger","jaida.beatty@example.net","2002-04-16","1978-01-15 13:10:54",
"26","Kurt","Medhurst","labadie.harry@example.com","2008-04-21","2004-07-07 22:40:16",
"27","Alana","Collier","ruthie.kovacek@example.net","1974-09-26","2007-12-16 02:29:13",
"28","Giovanny","Rosenbaum","angelina.tillman@example.org","1994-01-29","1984-11-14 01:45:32",
"29","Emmy","Armstrong","sanford.camron@example.com","2020-12-04","1991-11-26 22:23:02",
"30","Ana","Grimes","angelita76@example.com","2021-03-01","1972-10-08 04:58:30",
"31","Augustus","Abbott","morissette.zoila@example.com","2003-03-27","2017-10-31 06:44:03",
"32","Abe","Zemlak","anya86@example.net","1975-04-11","1977-07-01 09:12:58",
"33","Natalie","Beier","howell.michelle@example.com","1984-07-08","1986-01-27 19:43:54",
"34","Simeon","Auer","emorar@example.org","1998-01-18","2001-11-30 19:28:31",
"35","Gilberto","Littel","saige.dibbert@example.net","2016-02-22","2017-12-27 10:00:39",
"36","Chance","Gerlach","kariane82@example.net","1975-03-31","1983-12-19 17:09:07",
"37","Jakayla","Hickle","destinee41@example.com","2012-08-16","1983-04-13 18:58:15",
"38","Valentin","Romaguera","thelma99@example.org","1991-07-26","2017-01-30 18:12:01",
"39","Dawn","Koss","williamson.devyn@example.org","2001-08-24","1983-03-14 14:55:15",
"40","Eliza","Hettinger","anya22@example.com","2004-10-03","1974-03-05 10:41:24",
"41","Shanny","Senger","pwalker@example.org","1977-11-26","2011-12-28 17:16:29",
"42","Hardy","Parisian","kellen.weber@example.net","2009-03-17","1995-04-27 20:32:45",
"43","Dorian","Stracke","littel.gabe@example.net","1979-06-12","1983-06-17 18:07:26",
"44","Shanon","Marquardt","ekuhic@example.org","2007-04-28","1984-03-31 10:11:51",
"45","Dayana","Muller","reyna.rice@example.net","2011-07-04","1989-07-25 10:39:02",
"46","Joanie","Price","alexandra04@example.net","2021-05-01","1971-08-31 09:21:02",
"47","Nelson","Kuhic","angela.schoen@example.org","2010-02-05","1989-02-23 17:42:32",
"48","Fay","Reynolds","alexandrea68@example.com","1973-05-22","2018-01-31 11:27:01",
"49","Sherman","Gerhold","elwyn.ebert@example.net","2005-09-10","1979-09-16 13:59:54",
"50","Retha","Corwin","xaufderhar@example.net","1988-02-06","1992-02-02 09:48:46",
"51","Titus","Reilly","kitty.weissnat@example.com","1985-06-26","2016-02-20 02:28:05",
"52","Jan","Maggio","zjacobi@example.com","2013-02-10","1980-02-24 05:06:21",
"53","Odie","Erdman","gulgowski.verla@example.org","2009-05-14","2021-02-08 16:13:07",
"54","Meredith","Koss","anabelle31@example.net","2004-10-20","1993-06-11 20:09:48",
"55","Kennedy","Effertz","alize29@example.com","1979-01-28","2000-11-28 17:17:12",
"56","Kristoffer","Koepp","judd.abernathy@example.net","1971-02-26","1989-05-26 16:46:59",
"57","Albertha","Yost","ibergnaum@example.com","1994-06-05","1979-08-27 17:21:16",
"58","Lora","Smitham","bartell.kelsie@example.com","1992-04-19","2014-03-31 05:07:42",
"59","Cheyenne","Wolff","ebaumbach@example.net","1992-09-15","1992-05-12 00:40:38",
"60","Carley","Davis","ykrajcik@example.com","2008-09-10","2018-06-02 13:03:32",
"61","Rosalind","Kulas","christiansen.fay@example.net","1981-02-23","2015-11-22 05:17:10",
"62","Meta","Lang","trath@example.com","1974-10-18","1980-01-08 04:40:42",
"63","Daron","Leuschke","bobby.schaefer@example.com","2021-03-09","1994-01-13 01:46:24",
"64","Zita","Reilly","dbradtke@example.net","1999-05-01","2008-02-03 22:10:44",
"65","Joesph","Roberts","predovic.wilhelm@example.net","2019-09-28","2020-09-21 04:40:44",
"66","Tom","Kozey","lillian.weber@example.com","1980-10-15","2000-05-29 21:30:53",
"67","Raymundo","Schinner","lionel.hermann@example.com","1979-09-02","1987-11-07 11:39:21",
"68","Mervin","Tillman","ljohnson@example.com","1975-03-02","1975-11-04 18:37:48",
"69","Catalina","Skiles","robel.jeffrey@example.com","1987-03-20","2002-05-25 10:03:10",
"70","Laisha","Rutherford","concepcion92@example.org","1986-07-10","2016-02-12 06:16:32",
"71","Jennings","Herzog","xtoy@example.net","1982-09-10","1979-02-11 19:24:49",
"72","Elmore","Mills","jast.jed@example.com","2017-08-19","2016-05-12 22:15:38",
"73","Freddy","Stiedemann","vena77@example.org","2003-04-22","2004-11-01 02:56:02",
"74","Kenna","Kilback","sstreich@example.com","1992-07-11","2022-07-21 21:15:30",
"75","Hollis","Shanahan","wparisian@example.org","2006-11-28","2016-12-19 10:10:55",
"76","Cortez","Ledner","fbaumbach@example.com","1981-09-07","2009-05-20 12:09:02",
"77","Alexandro","Kuhlman","cortney.keeling@example.org","2020-11-30","2009-06-28 16:08:41",
"78","Hassan","Bailey","tbreitenberg@example.org","1980-10-26","2022-04-24 13:32:14",
"79","Darby","Cummerata","adriel.fisher@example.net","2000-01-19","1991-08-01 05:55:42",
"80","Elmer","Olson","jadyn.breitenberg@example.org","1998-09-24","1999-11-19 14:31:01",
"81","Jazmin","Reinger","gtrantow@example.net","2014-03-11","1986-12-16 13:58:42",
"82","Dagmar","Gorczany","zkuhic@example.org","2006-10-26","1994-06-08 08:06:39",
"83","Cecil","Morissette","orin.prohaska@example.net","1974-02-04","1972-08-28 15:55:26",
"84","Barbara","Krajcik","dina.goldner@example.org","1994-01-21","2013-10-02 09:38:51",
"85","Katrine","Ledner","fmann@example.net","2017-03-30","2011-02-25 18:18:27",
"86","Janie","Schiller","owiza@example.org","2001-08-21","1970-12-22 15:07:12",
"87","Elinor","Schneider","ahaag@example.com","1975-10-05","1997-10-09 07:25:59",
"88","Johann","Greenfelder","akreiger@example.net","1973-06-02","2010-03-21 05:01:57",
"89","Naomi","Hilll","cfritsch@example.org","2003-03-28","1989-12-12 07:36:14",
"90","Lisette","Toy","eva86@example.org","1982-03-24","1986-10-21 18:12:04",
"91","Dayna","Grady","waters.rudolph@example.org","2005-05-23","1978-10-31 08:42:53",
"92","Schuyler","Paucek","ahmed.simonis@example.org","1995-06-26","2009-07-20 14:50:24",
"93","Edwardo","Lind","huels.lillie@example.net","1999-01-26","1971-05-05 00:49:51",
"94","Sammy","Ziemann","qgusikowski@example.org","2011-02-12","1998-07-01 18:57:37",
"95","Gordon","Balistreri","shields.titus@example.net","1985-01-21","1985-12-12 08:20:33",
"96","Merlin","Yost","maudie68@example.org","2017-06-25","1984-07-10 02:27:30",
"97","Elaina","Price","dkessler@example.org","1986-07-16","1993-03-18 07:12:12",
"98","Esmeralda","Emmerich","gideon23@example.com","1972-02-28","1970-02-14 22:49:01",
"99","Keith","Little","myrna.lockman@example.org","2000-05-26","1999-02-12 18:05:20",
"100","Ferne","Hermiston","zena.ward@example.org","1993-08-26","1990-11-01 17:31:58",
